<?xml version="1.0" encoding="UTF-8"?>
<beans xmlns="http://www.springframework.org/schema/beans"
    xmlns:mvc="http://www.springframework.org/schema/mvc"
    xmlns:context="http://www.springframework.org/schema/context"
    xmlns:xsi="http://www.w3.org/2001/XMLSchema-instance"
    xsi:schemaLocation="http://www.springframework.org/schema/beans   
    http://www.springframework.org/schema/beans/spring-beans.xsd
    http://www.springframework.org/schema/context   
    http://www.springframework.org/schema/context/spring-context.xsd
    http://www.springframework.org/schema/mvc
    http://www.springframework.org/schema/mvc/spring-mvc.xsd">

	<context:component-scan base-package="com.dangdangs" />
	<!-- annotation 사용 가능 -->
    <mvc:annotation-driven>
    	<mvc:message-converters>
    		<bean class="org.springframework.http.converter.StringHttpMessageConverter">
    			<property name="supportedMediaTypes">
    				<list>
    					<value>text/html;charset=UTF-8</value>
    				</list>
    			</property>
    		</bean>
    	</mvc:message-converters>
    </mvc:annotation-driven>
	<mvc:default-servlet-handler />
	<mvc:view-resolvers>
		<!-- jsp 파일을 넣을 기본 경로 -->
		<mvc:jsp prefix="/WEB-INF/jsp/" suffix=".jsp" />
	</mvc:view-resolvers>
	
	<!-- db연동 -->
	<bean id="dataSource" class="org.apache.commons.dbcp.BasicDataSource" destroy-method="close">
		<property name="driverClassName" value="oracle.jdbc.driver.OracleDriver" />
		<property name="url" value="jdbc:oracle:thin:@localhost:1521:xe" />
		<property name="username" value="javabook" />
		<property name="password" value="test00" />
	</bean>
	<bean id="sqlSessionFactory" class="org.mybatis.spring.SqlSessionFactoryBean">
		<property name="dataSource" ref="dataSource" />
		<property name="configLocation" value="classpath:config/mybatis/mybatis-config.xml" />
		<property name="mapperLocations" value="classpath:config/mapper/*.xml" />
	</bean>
	<bean id="sqlSessionTemplate" class="org.mybatis.spring.SqlSessionTemplate">
		<constructor-arg ref="sqlSessionFactory" />
	</bean>
</beans>