<?xml version="1.0" encoding="UTF-8"?>
<!DOCTYPE mapper
    PUBLIC "-//mybatis.org//DTD Mapper 3.0//EN"
    "http://mybatis.org/dtd/mybatis-3-mapper.dtd">
<mapper namespace="board.dao.BoardDAO">
	<resultMap type="boardVO" id="boardVOMap">
		<result column="bsum" property="bsum" javaType="String" jdbcType="CLOB"/>
		<result column="bcause" property="bcause" javaType="String" jdbcType="CLOB"/>
		<result column="btreat" property="btreat" javaType="String" jdbcType="CLOB"/>
		<result column="bcare" property="bcare" javaType="String" jdbcType="CLOB"/>
	</resultMap>
	
	<select id="selectAll" resultMap="boardVOMap">
		select * from d_board order by bno desc
	</select>
	
	<!-- 글 번호에 따른 게시글 보여주기 -->
	<select id="selectResult" resultMap="boardVOMap">
		select * from d_board where bno=#{bno}
	</select>
	
	<!-- 병명에 따른 글 번호 링크를 jsp에 줄 때에 사용 -->
	<select id="selectBnoByDname" resultMap="boardVOMap">
		select bno, dname, bsum from d_board where dname=#{dname}
	</select>
	
</mapper>